{
  "users": [
    {
      "id": 1,
      "registration_date": "2023-01-15",
      "last_name": "Трофименко",
      "first_name": "Иван",
      "middle_name": "@cranlyk",
      "birthday": "2012-09-14",
      "gender": "Мужской",
      "phone": "+380933809313",
      "email": "papyga1488@gmail.com",
      "class": "6Б",
      "citizenship": "Украина",
      "country_of_study": "Украина",
      "region": "Днепропетровская область",
      "institution_name": "Школа",
      "address": "Неизвестно"
    },
    {
      "id": 2,
      "registration_date": "2023-02-20",
      "last_name": "Неизвестно",
      "first_name": "Полина",
      "middle_name": "@muh33he",
      "birthday": "Неизвестно",
      "gender": "Женский",
      "phone": "+79037490110",
      "email": "Неизвестно",
      "class": "Неизвестно",
      "citizenship": "Россия",
      "country_of_study": "Россия",
      "region": "Неизвестно",
      "institution_name": "Школа",
      "address": "Неизвестно"
    },
    {
      "id": 3,
      "registration_date": "2023-02-20",
      "last_name": "Никитина",
      "first_name": "Дарья",
      "middle_name": "Неизвестно",
      "birthday": "1997-02-14",
      "gender": "Женский",
      "phone": "+89060176062",
      "email": "Неизвестно",
      "class": "Неизвестно",
      "citizenship": "Россия",
      "country_of_study": "Россия",
      "region": "Неизвестно",
      "institution_name": " ",
      "address": "Неизвестно"
    }
  ]
}