{
  "users": [
    {
      "id": 0,
      "registration_date": "2025-03-30",
      "last_name": null,
      "first_name": "Где пазл",
      "middle_name": "@LUCKY_PUZZLE",
      "birthday": "Неизвестно",
      "gender": "Неизвестно",
      "phone": "37491525409",
      "email": "Неизвестно",
      "class": "Неизвестно",
      "citizenship": "Неизвестно",
      "country_of_study": "Неизвестно",
      "region": "Неизвестно",
      "institution_name": "Неизвестно",
      "address": "Неизвестно"
    },
        {
      "id": 1,
      "registration_date": "2023-01-15",
      "last_name": "Трофименко",
      "first_name": "Иван",
      "middle_name": "@cranlyk",
      "birthday": "2012-09-14",
      "gender": "Мужской",
      "phone": "+380933809313",
      "email": "papyga1488@gmail.com",
      "class": "6Б",
      "citizenship": "Украина",
      "country_of_study": "Украина",
      "region": "Днепропетровская область",
      "institution_name": "Школа",
      "address": "Неизвестно"
    },
    {
      "id": 2,
      "registration_date": "2023-02-20",
      "last_name": "Неизвестно",
      "first_name": "Полина",
      "middle_name": "@muh33he",
      "birthday": "Неизвестно",
      "gender": "Женский",
      "phone": "+79037490110",
      "email": "Неизвестно",
      "class": "Неизвестно",
      "citizenship": "Россия",
      "country_of_study": "Россия",
      "region": "Неизвестно",
      "institution_name": "Школа",
      "address": "Неизвестно"
    },
    {
      "id": 3,
      "registration_date": "2023-02-20",
      "last_name": "Никитина",
      "first_name": "Дарья",
      "middle_name": "Неизвестно",
      "birthday": "1997-02-14",
      "gender": "Женский",
      "phone": "+89060176062",
      "email": "Неизвестно",
      "class": "Неизвестно",
      "citizenship": "Россия",
      "country_of_study": "Россия",
      "region": "Неизвестно",
      "institution_name": " ",
      "address": "Неизвестно"
    },
    {
      "id": 6,
      "registration_date": "2025-03-30",
      "last_name": null,
      "first_name": "Ваня",
      "middle_name": "Неизвестно",
      "birthday": "Неизвестно",
      "gender": "Неизвестно",
      "phone": "375257738085",
      "email": "Неизвестно",
      "class": "Неизвестно",
      "citizenship": "Неизвестно",
      "country_of_study": "Неизвестно",
      "region": "Неизвестно",
      "institution_name": "Неизвестно",
      "address": "Неизвестно"
    },
    {
      "id": 8,
      "registration_date": "2025-03-30",
      "last_name": null,
      "first_name": "Shearive[1-rews]",
      "middle_name": "@Pon7343",
      "birthday": "Неизвестно",
      "gender": "Неизвестно",
      "phone": "77075253749",
      "email": "Неизвестно",
      "class": "Неизвестно",
      "citizenship": "Неизвестно",
      "country_of_study": "Неизвестно",
      "region": "Неизвестно",
      "institution_name": "Неизвестно",
      "address": "Неизвестно"
    },
    {
      "id": 11,
      "registration_date": "2025-03-30",
      "last_name": "Sheludiakov",
      "first_name": "Timofey",
      "middle_name": "@Tima_shel",
      "birthday": "Неизвестно",
      "gender": "Неизвестно",
      "phone": "380976110056",
      "email": "Неизвестно",
      "class": "Неизвестно",
      "citizenship": "Неизвестно",
      "country_of_study": "Неизвестно",
      "region": "Неизвестно",
      "institution_name": "Неизвестно",
      "address": "Неизвестно"
    },
    {
      "id": 13,
      "registration_date": "2025-03-30",
      "last_name": null,
      "first_name": "Владiк бiльшой пенес",
      "middle_name": "@LorainDe",
      "birthday": "Неизвестно",
      "gender": "Неизвестно",
      "phone": "77752061097",
      "email": "Неизвестно",
      "class": "Неизвестно",
      "citizenship": "Неизвестно",
      "country_of_study": "Неизвестно",
      "region": "Неизвестно",
      "institution_name": "Неизвестно",
      "address": "Неизвестно"
    },
    {
      "id": 16,
      "registration_date": "2025-03-30",
      "last_name": null,
      "first_name": "Bf_ķřũţõ",
      "middle_name": "Неизвестно",
      "birthday": "Неизвестно",
      "gender": "Неизвестно",
      "phone": "79688235045",
      "email": "Неизвестно",
      "class": "Неизвестно",
      "citizenship": "Неизвестно",
      "country_of_study": "Неизвестно",
      "region": "Неизвестно",
      "institution_name": "Неизвестно",
      "address": "Неизвестно"
    },
    {
      "id": 17,
      "registration_date": "2025-03-30",
      "last_name": null,
      "first_name": "Повар",
      "middle_name": "Неизвестно",
      "birthday": "Неизвестно",
      "gender": "Неизвестно",
      "phone": "380660318490",
      "email": "Неизвестно",
      "class": "Неизвестно",
      "citizenship": "Неизвестно",
      "country_of_study": "Неизвестно",
      "region": "Неизвестно",
      "institution_name": "Неизвестно",
      "address": "Неизвестно"
    },
    {
      "id": 20,
      "registration_date": "2025-03-30",
      "last_name": null,
      "first_name": "Мелок",
      "middle_name": "@Y1zz08",
      "birthday": "Неизвестно",
      "gender": "Неизвестно",
      "phone": "79962593814",
      "email": "Неизвестно",
      "class": "Неизвестно",
      "citizenship": "Неизвестно",
      "country_of_study": "Неизвестно",
      "region": "Неизвестно",
      "institution_name": "Неизвестно",
      "address": "Неизвестно"
    },
    {
      "id": 22,
      "registration_date": "2025-03-30",
      "last_name": null,
      "first_name": "Ярик",
      "middle_name": "@zolotkoaroslav5",
      "birthday": "Неизвестно",
      "gender": "Неизвестно",
      "phone": "79094276775",
      "email": "Неизвестно",
      "class": "Неизвестно",
      "citizenship": "Неизвестно",
      "country_of_study": "Неизвестно",
      "region": "Неизвестно",
      "institution_name": "Неизвестно",
      "address": "Неизвестно"
    },
    {
      "id": 27,
      "registration_date": "2025-03-30",
      "last_name": null,
      "first_name": "Killer_sans(=",
      "middle_name": "@INKSANS_DARKNESS",
      "birthday": "Неизвестно",
      "gender": "Неизвестно",
      "phone": "79890354078",
      "email": "Неизвестно",
      "class": "Неизвестно",
      "citizenship": "Неизвестно",
      "country_of_study": "Неизвестно",
      "region": "Неизвестно",
      "institution_name": "Неизвестно",
      "address": "Неизвестно"
    },
    {
      "id": 28,
      "registration_date": "2025-03-30",
      "last_name": null,
      "first_name": "Ssss",
      "middle_name": "@alik231023",
      "birthday": "Неизвестно",
      "gender": "Неизвестно",
      "phone": "77752970333",
      "email": "Неизвестно",
      "class": "Неизвестно",
      "citizenship": "Неизвестно",
      "country_of_study": "Неизвестно",
      "region": "Неизвестно",
      "institution_name": "Неизвестно",
      "address": "Неизвестно"
    },
    {
      "id": 31,
      "registration_date": "2025-03-30",
      "last_name": null,
      "first_name": "KRONOS",
      "middle_name": "@Xav13_r",
      "birthday": "Неизвестно",
      "gender": "Неизвестно",
      "phone": "380989609272",
      "email": "Неизвестно",
      "class": "Неизвестно",
      "citizenship": "Неизвестно",
      "country_of_study": "Неизвестно",
      "region": "Неизвестно",
      "institution_name": "Неизвестно",
      "address": "Неизвестно"
    },
    {
      "id": 33,
      "registration_date": "2025-03-30",
      "last_name": null,
      "first_name": ".",
      "middle_name": "Неизвестно",
      "birthday": "Неизвестно",
      "gender": "Неизвестно",
      "phone": "998911342170",
      "email": "Неизвестно",
      "class": "Неизвестно",
      "citizenship": "Неизвестно",
      "country_of_study": "Неизвестно",
      "region": "Неизвестно",
      "institution_name": "Неизвестно",
      "address": "Неизвестно"
    },
    {
      "id": 35,
      "registration_date": "2025-03-30",
      "last_name": null,
      "first_name": "Blitzø",
      "middle_name": "@Crucify_people",
      "birthday": "Неизвестно",
      "gender": "Неизвестно",
      "phone": "79370141200",
      "email": "Неизвестно",
      "class": "Неизвестно",
      "citizenship": "Неизвестно",
      "country_of_study": "Неизвестно",
      "region": "Неизвестно",
      "institution_name": "Неизвестно",
      "address": "Неизвестно"
    },
    {
      "id": 37,
      "registration_date": "2025-03-30",
      "last_name": null,
      "first_name": "𝑴𝒐𝒏𝒔𝒕𝒆𝒓𝒔𝒂𝒏𝒔𝒊",
      "middle_name": "@dolkaofkings",
      "birthday": "Неизвестно",
      "gender": "Неизвестно",
      "phone": "79955845513",
      "email": "Неизвестно",
      "class": "Неизвестно",
      "citizenship": "Неизвестно",
      "country_of_study": "Неизвестно",
      "region": "Неизвестно",
      "institution_name": "Неизвестно",
      "address": "Неизвестно"
    },
    {
      "id": 38,
      "registration_date": "2025-03-30",
      "last_name": null,
      "first_name": "Собака #ичекайся",
      "middle_name": "@ukadzo",
      "birthday": "Неизвестно",
      "gender": "Неизвестно",
      "phone": "380938172418",
      "email": "Неизвестно",
      "class": "Неизвестно",
      "citizenship": "Неизвестно",
      "country_of_study": "Неизвестно",
      "region": "Неизвестно",
      "institution_name": "Неизвестно",
      "address": "Неизвестно"
    },
    {
      "id": 39,
      "registration_date": "2025-03-30",
      "last_name": null,
      "first_name": "🖤FANTOM🖤",
      "middle_name": "@KAMILGOJO",
      "birthday": "Неизвестно",
      "gender": "Неизвестно",
      "phone": "79372834780",
      "email": "Неизвестно",
      "class": "Неизвестно",
      "citizenship": "Неизвестно",
      "country_of_study": "Неизвестно",
      "region": "Неизвестно",
      "institution_name": "Неизвестно",
      "address": "Неизвестно"
    },
    {
      "id": 41,
      "registration_date": "2025-03-30",
      "last_name": "(Майнович)",
      "first_name": "Егор",
      "middle_name": "@HuggyWuggy4",
      "birthday": "Неизвестно",
      "gender": "Неизвестно",
      "phone": "79667652324",
      "email": "Неизвестно",
      "class": "Неизвестно",
      "citizenship": "Неизвестно",
      "country_of_study": "Неизвестно",
      "region": "Неизвестно",
      "institution_name": "Неизвестно",
      "address": "Неизвестно"
    },
    {
      "id": 44,
      "registration_date": "2025-03-30",
      "last_name": null,
      "first_name": "Сергей таксист",
      "middle_name": "@Siudju",
      "birthday": "Неизвестно",
      "gender": "Неизвестно",
      "phone": "79586290787",
      "email": "Неизвестно",
      "class": "Неизвестно",
      "citizenship": "Неизвестно",
      "country_of_study": "Неизвестно",
      "region": "Неизвестно",
      "institution_name": "Неизвестно",
      "address": "Неизвестно"
    },
    {
      "id": 47,
      "registration_date": "2025-03-30",
      "last_name": null,
      "first_name": "Картопля",
      "middle_name": "@ghost1982l",
      "birthday": "Неизвестно",
      "gender": "Неизвестно",
      "phone": "79497328135",
      "email": "Неизвестно",
      "class": "Неизвестно",
      "citizenship": "Неизвестно",
      "country_of_study": "Неизвестно",
      "region": "Неизвестно",
      "institution_name": "Неизвестно",
      "address": "Неизвестно"
    },
    {
      "id": 49,
      "registration_date": "2025-03-30",
      "last_name": null,
      "first_name": "Жоник",
      "middle_name": "@jonic2012",
      "birthday": "Неизвестно",
      "gender": "Неизвестно",
      "phone": "998910838515",
      "email": "Неизвестно",
      "class": "Неизвестно",
      "citizenship": "Неизвестно",
      "country_of_study": "Неизвестно",
      "region": "Неизвестно",
      "institution_name": "Неизвестно",
      "address": "Неизвестно"
    },
    {
      "id": 50,
      "registration_date": "2025-03-30",
      "last_name": null,
      "first_name": "?",
      "middle_name": "@niquux",
      "birthday": "Неизвестно",
      "gender": "Неизвестно",
      "phone": "4917640139526",
      "email": "Неизвестно",
      "class": "Неизвестно",
      "citizenship": "Неизвестно",
      "country_of_study": "Неизвестно",
      "region": "Неизвестно",
      "institution_name": "Неизвестно",
      "address": "Неизвестно"
    },
    {
      "id": 51,
      "registration_date": "2025-03-30",
      "last_name": "Абдурахим",
      "first_name": "Бокиев",
      "middle_name": "@Zseyt",
      "birthday": "Неизвестно",
      "gender": "Неизвестно",
      "phone": "79232818336",
      "email": "Неизвестно",
      "class": "Неизвестно",
      "citizenship": "Неизвестно",
      "country_of_study": "Неизвестно",
      "region": "Неизвестно",
      "institution_name": "Неизвестно",
      "address": "Неизвестно"
    },
    {
      "id": 54,
      "registration_date": "2025-03-30",
      "last_name": null,
      "first_name": "🖤🫵🖤",
      "middle_name": "@Neznakometca",
      "birthday": "Неизвестно",
      "gender": "Неизвестно",
      "phone": "998902726560",
      "email": "Неизвестно",
      "class": "Неизвестно",
      "citizenship": "Неизвестно",
      "country_of_study": "Неизвестно",
      "region": "Неизвестно",
      "institution_name": "Неизвестно",
      "address": "Неизвестно"
    },
    {
      "id": 55,
      "registration_date": "2025-03-30",
      "last_name": "| 18rev🎶",
      "first_name": "Даниил Исаев",
      "middle_name": "@Danil12543",
      "birthday": "Неизвестно",
      "gender": "Неизвестно",
      "phone": "79153141832",
      "email": "Неизвестно",
      "class": "Неизвестно",
      "citizenship": "Неизвестно",
      "country_of_study": "Неизвестно",
      "region": "Неизвестно",
      "institution_name": "Неизвестно",
      "address": "Неизвестно"
    },
    {
      "id": 57,
      "registration_date": "2025-03-30",
      "last_name": "Buldoser",
      "first_name": "Bul bul",
      "middle_name": "@RussianXYECOC",
      "birthday": "Неизвестно",
      "gender": "Неизвестно",
      "phone": "77777693505",
      "email": "Неизвестно",
      "class": "Неизвестно",
      "citizenship": "Неизвестно",
      "country_of_study": "Неизвестно",
      "region": "Неизвестно",
      "institution_name": "Неизвестно",
      "address": "Неизвестно"
    },
    {
      "id": 59,
      "registration_date": "2025-03-30",
      "last_name": null,
      "first_name": "▐⧯]ᡃ⃝ᡃ⃝ᡃ⃝ᡃ⃝ᡃ⃝ᡃ⃝ᡃ⃝ᡃ⃝ᡃ⃝ᡃ⃝ᡃ⃝ᡃ⃝ᡃ⃝ᡃ⃝ᡃ⃝ᡃ⃝ᡃ⃝ᡃ⃝ᡃ⃝ᡃ⃝ᡃ⃝ᡃ⃝ᡃ⃝ᡃ⃝ᡃ⃝ᡃ⃝ᡃ",
      "middle_name": "@KOKOSIKYT4",
      "birthday": "Неизвестно",
      "gender": "Неизвестно",
      "phone": "79644348437",
      "email": "Неизвестно",
      "class": "Неизвестно",
      "citizenship": "Неизвестно",
      "country_of_study": "Неизвестно",
      "region": "Неизвестно",
      "institution_name": "Неизвестно",
      "address": "Неизвестно"
    },
    {
      "id": 61,
      "registration_date": "2025-03-30",
      "last_name": "Кошо Ситоро",
      "first_name": "Бесконечность",
      "middle_name": "@Kohopl",
      "birthday": "Неизвестно",
      "gender": "Неизвестно",
      "phone": "79221629877",
      "email": "Неизвестно",
      "class": "Неизвестно",
      "citizenship": "Неизвестно",
      "country_of_study": "Неизвестно",
      "region": "Неизвестно",
      "institution_name": "Неизвестно",
      "address": "Неизвестно"
    },
    {
      "id": 62,
      "registration_date": "2025-03-30",
      "last_name": null,
      "first_name": "Halil",
      "middle_name": "Неизвестно",
      "birthday": "Неизвестно",
      "gender": "Неизвестно",
      "phone": "77779656656",
      "email": "Неизвестно",
      "class": "Неизвестно",
      "citizenship": "Неизвестно",
      "country_of_study": "Неизвестно",
      "region": "Неизвестно",
      "institution_name": "Неизвестно",
      "address": "Неизвестно"
    },
    {
      "id": 65,
      "registration_date": "2025-03-30",
      "last_name": null,
      "first_name": "🔥KJ🔥",
      "middle_name": "@KJ20_2020",
      "birthday": "Неизвестно",
      "gender": "Неизвестно",
      "phone": "79252439645",
      "email": "Неизвестно",
      "class": "Неизвестно",
      "citizenship": "Неизвестно",
      "country_of_study": "Неизвестно",
      "region": "Неизвестно",
      "institution_name": "Неизвестно",
      "address": "Неизвестно"
    },
    {
      "id": 66,
      "registration_date": "2025-03-30",
      "last_name": null,
      "first_name": "Mario_Kioto",
      "middle_name": "@Mario_Kioto",
      "birthday": "Неизвестно",
      "gender": "Неизвестно",
      "phone": "79288072284",
      "email": "Неизвестно",
      "class": "Неизвестно",
      "citizenship": "Неизвестно",
      "country_of_study": "Неизвестно",
      "region": "Неизвестно",
      "institution_name": "Неизвестно",
      "address": "Неизвестно"
    },
    {
      "id": 67,
      "registration_date": "2025-03-30",
      "last_name": null,
      "first_name": "ЕФИМ 🌒",
      "middle_name": "@Fertyt12857",
      "birthday": "Неизвестно",
      "gender": "Неизвестно",
      "phone": "79028036573",
      "email": "Неизвестно",
      "class": "Неизвестно",
      "citizenship": "Неизвестно",
      "country_of_study": "Неизвестно",
      "region": "Неизвестно",
      "institution_name": "Неизвестно",
      "address": "Неизвестно"
    },
    {
      "id": 71,
      "registration_date": "2025-03-30",
      "last_name": null,
      "first_name": "Lufi",
      "middle_name": "@D7jE4UivC6SLaZM",
      "birthday": "Неизвестно",
      "gender": "Неизвестно",
      "phone": "79901566503",
      "email": "Неизвестно",
      "class": "Неизвестно",
      "citizenship": "Неизвестно",
      "country_of_study": "Неизвестно",
      "region": "Неизвестно",
      "institution_name": "Неизвестно",
      "address": "Неизвестно"
    },
    {
      "id": 73,
      "registration_date": "2025-03-30",
      "last_name": null,
      "first_name": "Lucky Guy",
      "middle_name": "@DARKDARBI",
      "birthday": "Неизвестно",
      "gender": "Неизвестно",
      "phone": "996709475467",
      "email": "Неизвестно",
      "class": "Неизвестно",
      "citizenship": "Неизвестно",
      "country_of_study": "Неизвестно",
      "region": "Неизвестно",
      "institution_name": "Неизвестно",
      "address": "Неизвестно"
    },
    {
      "id": 76,
      "registration_date": "2025-03-30",
      "last_name": null,
      "first_name": "zenper",
      "middle_name": "@zenpeer",
      "birthday": "Неизвестно",
      "gender": "Неизвестно",
      "phone": "79198031836",
      "email": "Неизвестно",
      "class": "Неизвестно",
      "citizenship": "Неизвестно",
      "country_of_study": "Неизвестно",
      "region": "Неизвестно",
      "institution_name": "Неизвестно",
      "address": "Неизвестно"
    },
    {
      "id": 77,
      "registration_date": "2025-03-30",
      "last_name": null,
      "first_name": "ⷽѵⷣꙗⷣн҄ⷩн҄ⷷꙗⷮꙙ(б҄ⷠеⷷзⷥ к҄ⷦꙥⷧꙗⷶн҄ⷩꙖ##)🛁🛁",
      "middle_name": "@vania0034",
      "birthday": "Неизвестно",
      "gender": "Неизвестно",
      "phone": "380678325925",
      "email": "Неизвестно",
      "class": "Неизвестно",
      "citizenship": "Неизвестно",
      "country_of_study": "Неизвестно",
      "region": "Неизвестно",
      "institution_name": "Неизвестно",
      "address": "Неизвестно"
    },
    {
      "id": 79,
      "registration_date": "2025-03-30",
      "last_name": null,
      "first_name": "𝚃𝚎𝚛𝚘𝚡𝚣𝚣",
      "middle_name": "@Imbicil222",
      "birthday": "Неизвестно",
      "gender": "Неизвестно",
      "phone": "79174563262",
      "email": "Неизвестно",
      "class": "Неизвестно",
      "citizenship": "Неизвестно",
      "country_of_study": "Неизвестно",
      "region": "Неизвестно",
      "institution_name": "Неизвестно",
      "address": "Неизвестно"
    },
    {
      "id": 84,
      "registration_date": "2025-03-30",
      "last_name": "Даниил",
      "first_name": "Назаров",
      "middle_name": "@Vantyz432",
      "birthday": "Неизвестно",
      "gender": "Неизвестно",
      "phone": "79004568432",
      "email": "Неизвестно",
      "class": "Неизвестно",
      "citizenship": "Неизвестно",
      "country_of_study": "Неизвестно",
      "region": "Неизвестно",
      "institution_name": "Неизвестно",
      "address": "Неизвестно"
    },
    {
      "id": 85,
      "registration_date": "2025-03-30",
      "last_name": null,
      "first_name": "Артем",
      "middle_name": "@Foxy4377",
      "birthday": "Неизвестно",
      "gender": "Неизвестно",
      "phone": "380956220610",
      "email": "Неизвестно",
      "class": "Неизвестно",
      "citizenship": "Неизвестно",
      "country_of_study": "Неизвестно",
      "region": "Неизвестно",
      "institution_name": "Неизвестно",
      "address": "Неизвестно"
    },
    {
      "id": 87,
      "registration_date": "2025-03-30",
      "last_name": "Юриков",
      "first_name": "Никита",
      "middle_name": "@kaxa227",
      "birthday": "Неизвестно",
      "gender": "Неизвестно",
      "phone": "998931288855",
      "email": "Неизвестно",
      "class": "Неизвестно",
      "citizenship": "Неизвестно",
      "country_of_study": "Неизвестно",
      "region": "Неизвестно",
      "institution_name": "Неизвестно",
      "address": "Неизвестно"
    },
    {
      "id": 90,
      "registration_date": "2025-03-30",
      "last_name": null,
      "first_name": "Кобякова",
      "middle_name": "@Sofakabiakov",
      "birthday": "Неизвестно",
      "gender": "Неизвестно",
      "phone": "37066563864",
      "email": "Неизвестно",
      "class": "Неизвестно",
      "citizenship": "Неизвестно",
      "country_of_study": "Неизвестно",
      "region": "Неизвестно",
      "institution_name": "Неизвестно",
      "address": "Неизвестно"
    },
    {
      "id": 92,
      "registration_date": "2025-03-30",
      "last_name": null,
      "first_name": "Максо🃏",
      "middle_name": "Неизвестно",
      "birthday": "Неизвестно",
      "gender": "Неизвестно",
      "phone": "375296103232",
      "email": "Неизвестно",
      "class": "Неизвестно",
      "citizenship": "Неизвестно",
      "country_of_study": "Неизвестно",
      "region": "Неизвестно",
      "institution_name": "Неизвестно",
      "address": "Неизвестно"
    },
    {
      "id": 93,
      "registration_date": "2025-03-30",
      "last_name": null,
      "first_name": "🇦🇬",
      "middle_name": "@Atasek",
      "birthday": "Неизвестно",
      "gender": "Неизвестно",
      "phone": "79954878733",
      "email": "Неизвестно",
      "class": "Неизвестно",
      "citizenship": "Неизвестно",
      "country_of_study": "Неизвестно",
      "region": "Неизвестно",
      "institution_name": "Неизвестно",
      "address": "Неизвестно"
    },
    {
      "id": 94,
      "registration_date": "2025-03-30",
      "last_name": null,
      "first_name": "WoW",
      "middle_name": "@grey42863",
      "birthday": "Неизвестно",
      "gender": "Неизвестно",
      "phone": "79088796306",
      "email": "Неизвестно",
      "class": "Неизвестно",
      "citizenship": "Неизвестно",
      "country_of_study": "Неизвестно",
      "region": "Неизвестно",
      "institution_name": "Неизвестно",
      "address": "Неизвестно"
    },
    {
      "id": 96,
      "registration_date": "2025-03-30",
      "last_name": "(камрон)",
      "first_name": "kamichhh31",
      "middle_name": "@J8suke_Higash1kata",
      "birthday": "Неизвестно",
      "gender": "Неизвестно",
      "phone": "998903382453",
      "email": "Неизвестно",
      "class": "Неизвестно",
      "citizenship": "Неизвестно",
      "country_of_study": "Неизвестно",
      "region": "Неизвестно",
      "institution_name": "Неизвестно",
      "address": "Неизвестно"
    },
    {
      "id": 98,
      "registration_date": "2025-03-30",
      "last_name": null,
      "first_name": "Weddddd",
      "middle_name": "@wedddddddddddddddd",
      "birthday": "Неизвестно",
      "gender": "Неизвестно",
      "phone": "380669225920",
      "email": "Неизвестно",
      "class": "Неизвестно",
      "citizenship": "Неизвестно",
      "country_of_study": "Неизвестно",
      "region": "Неизвестно",
      "institution_name": "Неизвестно",
      "address": "Неизвестно"
    },
    {
      "id": 100,
      "registration_date": "2025-03-30",
      "last_name": null,
      "first_name": "_Di_ :з",
      "middle_name": "@Mikki556",
      "birthday": "Неизвестно",
      "gender": "Неизвестно",
      "phone": "79591963230",
      "email": "Неизвестно",
      "class": "Неизвестно",
      "citizenship": "Неизвестно",
      "country_of_study": "Неизвестно",
      "region": "Неизвестно",
      "institution_name": "Неизвестно",
      "address": "Неизвестно"
    },
    {
      "id": 101,
      "registration_date": "2025-03-30",
      "last_name": null,
      "first_name": "Захарчик",
      "middle_name": "@Koomaru_fan",
      "birthday": "Неизвестно",
      "gender": "Неизвестно",
      "phone": "79082752812",
      "email": "Неизвестно",
      "class": "Неизвестно",
      "citizenship": "Неизвестно",
      "country_of_study": "Неизвестно",
      "region": "Неизвестно",
      "institution_name": "Неизвестно",
      "address": "Неизвестно"
    },
    {
      "id": 103,
      "registration_date": "2025-03-30",
      "last_name": null,
      "first_name": "ᅠ ᅠ",
      "middle_name": "@Vanesa_2703",
      "birthday": "Неизвестно",
      "gender": "Неизвестно",
      "phone": "380689450408",
      "email": "Неизвестно",
      "class": "Неизвестно",
      "citizenship": "Неизвестно",
      "country_of_study": "Неизвестно",
      "region": "Неизвестно",
      "institution_name": "Неизвестно",
      "address": "Неизвестно"
    },
    {
      "id": 105,
      "registration_date": "2025-03-30",
      "last_name": null,
      "first_name": "Kamori",
      "middle_name": "@UwU91",
      "birthday": "Неизвестно",
      "gender": "Неизвестно",
      "phone": "79183441124",
      "email": "Неизвестно",
      "class": "Неизвестно",
      "citizenship": "Неизвестно",
      "country_of_study": "Неизвестно",
      "region": "Неизвестно",
      "institution_name": "Неизвестно",
      "address": "Неизвестно"
    },
    {
      "id": 107,
      "registration_date": "2025-03-30",
      "last_name": null,
      "first_name": "ㅤ",
      "middle_name": "@ROVIII2167",
      "birthday": "Неизвестно",
      "gender": "Неизвестно",
      "phone": "79636275242",
      "email": "Неизвестно",
      "class": "Неизвестно",
      "citizenship": "Неизвестно",
      "country_of_study": "Неизвестно",
      "region": "Неизвестно",
      "institution_name": "Неизвестно",
      "address": "Неизвестно"
    },
    {
      "id": 109,
      "registration_date": "2025-03-30",
      "last_name": null,
      "first_name": "bøunty",
      "middle_name": "@Kakakaxall",
      "birthday": "Неизвестно",
      "gender": "Неизвестно",
      "phone": "375333894618",
      "email": "Неизвестно",
      "class": "Неизвестно",
      "citizenship": "Неизвестно",
      "country_of_study": "Неизвестно",
      "region": "Неизвестно",
      "institution_name": "Неизвестно",
      "address": "Неизвестно"
    },
    {
      "id": 110,
      "registration_date": "2025-03-30",
      "last_name": "Туманов",
      "first_name": "Матвей",
      "middle_name": "Неизвестно",
      "birthday": "Неизвестно",
      "gender": "Неизвестно",
      "phone": "79495317339",
      "email": "Неизвестно",
      "class": "Неизвестно",
      "citizenship": "Неизвестно",
      "country_of_study": "Неизвестно",
      "region": "Неизвестно",
      "institution_name": "Неизвестно",
      "address": "Неизвестно"
    },
    {
      "id": 113,
      "registration_date": "2025-03-30",
      "last_name": null,
      "first_name": "Шулер",
      "middle_name": "@PIDIDI6901",
      "birthday": "Неизвестно",
      "gender": "Неизвестно",
      "phone": "380637560898",
      "email": "Неизвестно",
      "class": "Неизвестно",
      "citizenship": "Неизвестно",
      "country_of_study": "Неизвестно",
      "region": "Неизвестно",
      "institution_name": "Неизвестно",
      "address": "Неизвестно"
    },
    {
      "id": 116,
      "registration_date": "2025-03-30",
      "last_name": null,
      "first_name": "我是技能",
      "middle_name": "Неизвестно",
      "birthday": "Неизвестно",
      "gender": "Неизвестно",
      "phone": "79009126884",
      "email": "Неизвестно",
      "class": "Неизвестно",
      "citizenship": "Неизвестно",
      "country_of_study": "Неизвестно",
      "region": "Неизвестно",
      "institution_name": "Неизвестно",
      "address": "Неизвестно"
    },
    {
      "id": 118,
      "registration_date": "2025-03-30",
      "last_name": null,
      "first_name": "Спектра",
      "middle_name": "@rolka_fan_edishen",
      "birthday": "Неизвестно",
      "gender": "Неизвестно",
      "phone": "380960937898",
      "email": "Неизвестно",
      "class": "Неизвестно",
      "citizenship": "Неизвестно",
      "country_of_study": "Неизвестно",
      "region": "Неизвестно",
      "institution_name": "Неизвестно",
      "address": "Неизвестно"
    },
    {
      "id": 120,
      "registration_date": "2025-03-30",
      "last_name": null,
      "first_name": "Иван",
      "middle_name": "@My_name_zeleboba",
      "birthday": "Неизвестно",
      "gender": "Неизвестно",
      "phone": "79952042322",
      "email": "Неизвестно",
      "class": "Неизвестно",
      "citizenship": "Неизвестно",
      "country_of_study": "Неизвестно",
      "region": "Неизвестно",
      "institution_name": "Неизвестно",
      "address": "Неизвестно"
    },
    {
      "id": 121,
      "registration_date": "2025-03-30",
      "last_name": null,
      "first_name": "Komary",
      "middle_name": "@Mrlososik",
      "birthday": "Неизвестно",
      "gender": "Неизвестно",
      "phone": "79043165178",
      "email": "Неизвестно",
      "class": "Неизвестно",
      "citizenship": "Неизвестно",
      "country_of_study": "Неизвестно",
      "region": "Неизвестно",
      "institution_name": "Неизвестно",
      "address": "Неизвестно"
    },
    {
      "id": 123,
      "registration_date": "2025-03-30",
      "last_name": null,
      "first_name": "Valentin",
      "middle_name": "@Rip_luffyBF",
      "birthday": "Неизвестно",
      "gender": "Неизвестно",
      "phone": "380957985636",
      "email": "Неизвестно",
      "class": "Неизвестно",
      "citizenship": "Неизвестно",
      "country_of_study": "Неизвестно",
      "region": "Неизвестно",
      "institution_name": "Неизвестно",
      "address": "Неизвестно"
    },
    {
      "id": 127,
      "registration_date": "2025-03-30",
      "last_name": null,
      "first_name": "𒉭doppleganger",
      "middle_name": "@maihiiime",
      "birthday": "Неизвестно",
      "gender": "Неизвестно",
      "phone": "998993155347",
      "email": "Неизвестно",
      "class": "Неизвестно",
      "citizenship": "Неизвестно",
      "country_of_study": "Неизвестно",
      "region": "Неизвестно",
      "institution_name": "Неизвестно",
      "address": "Неизвестно"
    },
    {
      "id": 130,
      "registration_date": "2025-03-30",
      "last_name": null,
      "first_name": "MUSTAFO",
      "middle_name": "Неизвестно",
      "birthday": "Неизвестно",
      "gender": "Неизвестно",
      "phone": "998900229772",
      "email": "Неизвестно",
      "class": "Неизвестно",
      "citizenship": "Неизвестно",
      "country_of_study": "Неизвестно",
      "region": "Неизвестно",
      "institution_name": "Неизвестно",
      "address": "Неизвестно"
    },
    {
      "id": 132,
      "registration_date": "2025-03-30",
      "last_name": null,
      "first_name": "Влад",
      "middle_name": "@Wwfoos",
      "birthday": "Неизвестно",
      "gender": "Неизвестно",
      "phone": "79044463367",
      "email": "Неизвестно",
      "class": "Неизвестно",
      "citizenship": "Неизвестно",
      "country_of_study": "Неизвестно",
      "region": "Неизвестно",
      "institution_name": "Неизвестно",
      "address": "Неизвестно"
    },
    {
      "id": 135,
      "registration_date": "2025-03-30",
      "last_name": null,
      "first_name": "ultrakiloyn",
      "middle_name": "@ultraxikilon",
      "birthday": "Неизвестно",
      "gender": "Неизвестно",
      "phone": "13438330083",
      "email": "Неизвестно",
      "class": "Неизвестно",
      "citizenship": "Неизвестно",
      "country_of_study": "Неизвестно",
      "region": "Неизвестно",
      "institution_name": "Неизвестно",
      "address": "Неизвестно"
    },
    {
      "id": 137,
      "registration_date": "2025-03-30",
      "last_name": null,
      "first_name": "IWTD",
      "middle_name": "@babyix79",
      "birthday": "Неизвестно",
      "gender": "Неизвестно",
      "phone": "2348141509094",
      "email": "Неизвестно",
      "class": "Неизвестно",
      "citizenship": "Неизвестно",
      "country_of_study": "Неизвестно",
      "region": "Неизвестно",
      "institution_name": "Неизвестно",
      "address": "Неизвестно"
    },
    {
      "id": 139,
      "registration_date": "2025-03-30",
      "last_name": null,
      "first_name": "Eraly_2831",
      "middle_name": "Неизвестно",
      "birthday": "Неизвестно",
      "gender": "Неизвестно",
      "phone": "77716631384",
      "email": "Неизвестно",
      "class": "Неизвестно",
      "citizenship": "Неизвестно",
      "country_of_study": "Неизвестно",
      "region": "Неизвестно",
      "institution_name": "Неизвестно",
      "address": "Неизвестно"
    },
    {
      "id": 140,
      "registration_date": "2025-03-30",
      "last_name": null,
      "first_name": "Muhammadsolih",
      "middle_name": "@mugammedsalah",
      "birthday": "Неизвестно",
      "gender": "Неизвестно",
      "phone": "998777777472",
      "email": "Неизвестно",
      "class": "Неизвестно",
      "citizenship": "Неизвестно",
      "country_of_study": "Неизвестно",
      "region": "Неизвестно",
      "institution_name": "Неизвестно",
      "address": "Неизвестно"
    },
    {
      "id": 141,
      "registration_date": "2025-03-30",
      "last_name": null,
      "first_name": "Я как Иисус",
      "middle_name": "@p1vnuxa_minus_12000",
      "birthday": "Неизвестно",
      "gender": "Неизвестно",
      "phone": "79512185027",
      "email": "Неизвестно",
      "class": "Неизвестно",
      "citizenship": "Неизвестно",
      "country_of_study": "Неизвестно",
      "region": "Неизвестно",
      "institution_name": "Неизвестно",
      "address": "Неизвестно"
    },
    {
      "id": 142,
      "registration_date": "2025-03-30",
      "last_name": "Romanenko",
      "first_name": "Kirill",
      "middle_name": "Неизвестно",
      "birthday": "Неизвестно",
      "gender": "Неизвестно",
      "phone": "380713238158",
      "email": "Неизвестно",
      "class": "Неизвестно",
      "citizenship": "Неизвестно",
      "country_of_study": "Неизвестно",
      "region": "Неизвестно",
      "institution_name": "Неизвестно",
      "address": "Неизвестно"
    },
    {
      "id": 144,
      "registration_date": "2025-03-30",
      "last_name": null,
      "first_name": "STORM",
      "middle_name": "@NEGATIVEsolo",
      "birthday": "Неизвестно",
      "gender": "Неизвестно",
      "phone": "380680810142",
      "email": "Неизвестно",
      "class": "Неизвестно",
      "citizenship": "Неизвестно",
      "country_of_study": "Неизвестно",
      "region": "Неизвестно",
      "institution_name": "Неизвестно",
      "address": "Неизвестно"
    },
    {
      "id": 146,
      "registration_date": "2025-03-30",
      "last_name": null,
      "first_name": "◥꧁𝖊𝖒𝖕𝖙𝖞 𝕹𝕺𝕿 𝖊𝖒𝖕𝖙𝖞꧂◤",
      "middle_name": "@The_coal193",
      "birthday": "Неизвестно",
      "gender": "Неизвестно",
      "phone": "79836305819",
      "email": "Неизвестно",
      "class": "Неизвестно",
      "citizenship": "Неизвестно",
      "country_of_study": "Неизвестно",
      "region": "Неизвестно",
      "institution_name": "Неизвестно",
      "address": "Неизвестно"
    },
    {
      "id": 147,
      "registration_date": "2025-03-30",
      "last_name": null,
      "first_name": "Offenchik",
      "middle_name": "@iwmfofo",
      "birthday": "Неизвестно",
      "gender": "Неизвестно",
      "phone": "77713224690",
      "email": "Неизвестно",
      "class": "Неизвестно",
      "citizenship": "Неизвестно",
      "country_of_study": "Неизвестно",
      "region": "Неизвестно",
      "institution_name": "Неизвестно",
      "address": "Неизвестно"
    },
    {
      "id": 3,
      "registration_date": "2025-03-30",
      "last_name": null,
      "first_name": "Liltru_$$",
      "middle_name": "@ZZZZAAAAAAZZZZ_98",
      "birthday": "Неизвестно",
      "gender": "Неизвестно",
      "phone": "79496348370",
      "email": "Неизвестно",
      "class": "Неизвестно",
      "citizenship": "Неизвестно",
      "country_of_study": "Неизвестно",
      "region": "Неизвестно",
      "institution_name": "Неизвестно",
      "address": "Неизвестно"
    },
    {
      "id": 5,
      "registration_date": "2025-03-30",
      "last_name": null,
      "first_name": "🤍 Тимур🖤",
      "middle_name": "@Timur37483",
      "birthday": "Неизвестно",
      "gender": "Неизвестно",
      "phone": "380930186227",
      "email": "Неизвестно",
      "class": "Неизвестно",
      "citizenship": "Неизвестно",
      "country_of_study": "Неизвестно",
      "region": "Неизвестно",
      "institution_name": "Неизвестно",
      "address": "Неизвестно"
    },
    {
      "id": 7,
      "registration_date": "2025-03-30",
      "last_name": null,
      "first_name": "MidFil8084👾",
      "middle_name": "@MidFil8084",
      "birthday": "Неизвестно",
      "gender": "Неизвестно",
      "phone": "380684770600",
      "email": "Неизвестно",
      "class": "Неизвестно",
      "citizenship": "Неизвестно",
      "country_of_study": "Неизвестно",
      "region": "Неизвестно",
      "institution_name": "Неизвестно",
      "address": "Неизвестно"
    },
    {
      "id": 9,
      "registration_date": "2025-03-30",
      "last_name": null,
      "first_name": "Мелок",
      "middle_name": "@Y1zz08",
      "birthday": "Неизвестно",
      "gender": "Неизвестно",
      "phone": "79962593814",
      "email": "Неизвестно",
      "class": "Неизвестно",
      "citizenship": "Неизвестно",
      "country_of_study": "Неизвестно",
      "region": "Неизвестно",
      "institution_name": "Неизвестно",
      "address": "Неизвестно"
    },
    {
      "id": 10,
      "registration_date": "2025-03-30",
      "last_name": null,
      "first_name": "мета.exe",
      "middle_name": "Неизвестно",
      "birthday": "Неизвестно",
      "gender": "Неизвестно",
      "phone": "79834231337",
      "email": "Неизвестно",
      "class": "Неизвестно",
      "citizenship": "Неизвестно",
      "country_of_study": "Неизвестно",
      "region": "Неизвестно",
      "institution_name": "Неизвестно",
      "address": "Неизвестно"
    },
    {
      "id": 12,
      "registration_date": "2025-03-30",
      "last_name": null,
      "first_name": "лол🛡️ #неуязв¡ма",
      "middle_name": "@rzczov",
      "birthday": "Неизвестно",
      "gender": "Неизвестно",
      "phone": "375297137165",
      "email": "Неизвестно",
      "class": "Неизвестно",
      "citizenship": "Неизвестно",
      "country_of_study": "Неизвестно",
      "region": "Неизвестно",
      "institution_name": "Неизвестно",
      "address": "Неизвестно"
    },
    {
      "id": 14,
      "registration_date": "2025-03-30",
      "last_name": null,
      "first_name": "Galactus | ෂ",
      "middle_name": "@GaIactus7000",
      "birthday": "Неизвестно",
      "gender": "Неизвестно",
      "phone": "79034469470",
      "email": "Неизвестно",
      "class": "Неизвестно",
      "citizenship": "Неизвестно",
      "country_of_study": "Неизвестно",
      "region": "Неизвестно",
      "institution_name": "Неизвестно",
      "address": "Неизвестно"
    },
    {
      "id": 15,
      "registration_date": "2025-03-30",
      "last_name": "E",
      "first_name": "E",
      "middle_name": "@NIJUKI",
      "birthday": "Неизвестно",
      "gender": "Неизвестно",
      "phone": "33779389183",
      "email": "Неизвестно",
      "class": "Неизвестно",
      "citizenship": "Неизвестно",
      "country_of_study": "Неизвестно",
      "region": "Неизвестно",
      "institution_name": "Неизвестно",
      "address": "Неизвестно"
    },
    {
      "id": 18,
      "registration_date": "2025-03-30",
      "last_name": null,
      "first_name": "𝒙𝒂𝒛𝒖𝒒¹³⁰+",
      "middle_name": "@xazuq",
      "birthday": "Неизвестно",
      "gender": "Неизвестно",
      "phone": "79178642718",
      "email": "Неизвестно",
      "class": "Неизвестно",
      "citizenship": "Неизвестно",
      "country_of_study": "Неизвестно",
      "region": "Неизвестно",
      "institution_name": "Неизвестно",
      "address": "Неизвестно"
    },
    {
      "id": 19,
      "registration_date": "2025-03-30",
      "last_name": null,
      "first_name": "Radman | rew [ 30+] garant",
      "middle_name": "@Radmanw",
      "birthday": "Неизвестно",
      "gender": "Неизвестно",
      "phone": "77473510978",
      "email": "Неизвестно",
      "class": "Неизвестно",
      "citizenship": "Неизвестно",
      "country_of_study": "Неизвестно",
      "region": "Неизвестно",
      "institution_name": "Неизвестно",
      "address": "Неизвестно"
    },
    {
      "id": 21,
      "registration_date": "2025-03-30",
      "last_name": null,
      "first_name": "Dimpeak",
      "middle_name": "@Dimpeak",
      "birthday": "Неизвестно",
      "gender": "Неизвестно",
      "phone": "79600225411",
      "email": "Неизвестно",
      "class": "Неизвестно",
      "citizenship": "Неизвестно",
      "country_of_study": "Неизвестно",
      "region": "Неизвестно",
      "institution_name": "Неизвестно",
      "address": "Неизвестно"
    },
    {
      "id": 23,
      "registration_date": "2025-03-30",
      "last_name": null,
      "first_name": "Molly",
      "middle_name": "@OOO00OOO00O",
      "birthday": "Неизвестно",
      "gender": "Неизвестно",
      "phone": "380663080459",
      "email": "Неизвестно",
      "class": "Неизвестно",
      "citizenship": "Неизвестно",
      "country_of_study": "Неизвестно",
      "region": "Неизвестно",
      "institution_name": "Неизвестно",
      "address": "Неизвестно"
    },
    {
      "id": 24,
      "registration_date": "2025-03-30",
      "last_name": null,
      "first_name": "Егорич",
      "middle_name": "@brown_boy_11",
      "birthday": "Неизвестно",
      "gender": "Неизвестно",
      "phone": "380509588424",
      "email": "Неизвестно",
      "class": "Неизвестно",
      "citizenship": "Неизвестно",
      "country_of_study": "Неизвестно",
      "region": "Неизвестно",
      "institution_name": "Неизвестно",
      "address": "Неизвестно"
    },
    {
      "id": 25,
      "registration_date": "2025-03-30",
      "last_name": null,
      "first_name": "Макс",
      "middle_name": "@Obomariann",
      "birthday": "Неизвестно",
      "gender": "Неизвестно",
      "phone": "375333216984",
      "email": "Неизвестно",
      "class": "Неизвестно",
      "citizenship": "Неизвестно",
      "country_of_study": "Неизвестно",
      "region": "Неизвестно",
      "institution_name": "Неизвестно",
      "address": "Неизвестно"
    },
    {
      "id": 26,
      "registration_date": "2025-03-30",
      "last_name": null,
      "first_name": "Nezernat",
      "middle_name": "@Nezernat",
      "birthday": "Неизвестно",
      "gender": "Неизвестно",
      "phone": "79033836675",
      "email": "Неизвестно",
      "class": "Неизвестно",
      "citizenship": "Неизвестно",
      "country_of_study": "Неизвестно",
      "region": "Неизвестно",
      "institution_name": "Неизвестно",
      "address": "Неизвестно"
    },
    {
      "id": 29,
      "registration_date": "2025-03-30",
      "last_name": "Крипир 💥",
      "first_name": "Риме",
      "middle_name": "@kentishka_kaneki",
      "birthday": "Неизвестно",
      "gender": "Неизвестно",
      "phone": "79166872312",
      "email": "Неизвестно",
      "class": "Неизвестно",
      "citizenship": "Неизвестно",
      "country_of_study": "Неизвестно",
      "region": "Неизвестно",
      "institution_name": "Неизвестно",
      "address": "Неизвестно"
    },
    {
      "id": 30,
      "registration_date": "2025-03-30",
      "last_name": null,
      "first_name": "Пидиди",
      "middle_name": "@Pubertatnick222",
      "birthday": "Неизвестно",
      "gender": "Неизвестно",
      "phone": "79232099973",
      "email": "Неизвестно",
      "class": "Неизвестно",
      "citizenship": "Неизвестно",
      "country_of_study": "Неизвестно",
      "region": "Неизвестно",
      "institution_name": "Неизвестно",
      "address": "Неизвестно"
    },
    {
      "id": 32,
      "registration_date": "2025-03-30",
      "last_name": null,
      "first_name": "КЛУТОЙ мачо",
      "middle_name": "@svoloch44",
      "birthday": "Неизвестно",
      "gender": "Неизвестно",
      "phone": "79159147531",
      "email": "Неизвестно",
      "class": "Неизвестно",
      "citizenship": "Неизвестно",
      "country_of_study": "Неизвестно",
      "region": "Неизвестно",
      "institution_name": "Неизвестно",
      "address": "Неизвестно"
    },
    {
      "id": 34,
      "registration_date": "2025-03-30",
      "last_name": null,
      "first_name": "🖤🐶",
      "middle_name": "@milikpopa",
      "birthday": "Неизвестно",
      "gender": "Неизвестно",
      "phone": "79210601663",
      "email": "Неизвестно",
      "class": "Неизвестно",
      "citizenship": "Неизвестно",
      "country_of_study": "Неизвестно",
      "region": "Неизвестно",
      "institution_name": "Неизвестно",
      "address": "Неизвестно"
    },
    {
      "id": 36,
      "registration_date": "2025-03-30",
      "last_name": null,
      "first_name": "Kot",
      "middle_name": "@Beka1461",
      "birthday": "Неизвестно",
      "gender": "Неизвестно",
      "phone": "77473487103",
      "email": "Неизвестно",
      "class": "Неизвестно",
      "citizenship": "Неизвестно",
      "country_of_study": "Неизвестно",
      "region": "Неизвестно",
      "institution_name": "Неизвестно",
      "address": "Неизвестно"
    },
    {
      "id": 40,
      "registration_date": "2025-03-30",
      "last_name": null,
      "first_name": "🫶🏻 ྀིྀི",
      "middle_name": "@vlaiqxx0323",
      "birthday": "Неизвестно",
      "gender": "Неизвестно",
      "phone": "79005048821",
      "email": "Неизвестно",
      "class": "Неизвестно",
      "citizenship": "Неизвестно",
      "country_of_study": "Неизвестно",
      "region": "Неизвестно",
      "institution_name": "Неизвестно",
      "address": "Неизвестно"
    },
    {
      "id": 42,
      "registration_date": "2025-03-30",
      "last_name": null,
      "first_name": "Gojo_Satoru",
      "middle_name": "@Madara_Uchiha102",
      "birthday": "Неизвестно",
      "gender": "Неизвестно",
      "phone": "77714224110",
      "email": "Неизвестно",
      "class": "Неизвестно",
      "citizenship": "Неизвестно",
      "country_of_study": "Неизвестно",
      "region": "Неизвестно",
      "institution_name": "Неизвестно",
      "address": "Неизвестно"
    },
    {
      "id": 43,
      "registration_date": "2025-03-30",
      "last_name": null,
      "first_name": "китенька",
      "middle_name": "@Myyyyp",
      "birthday": "Неизвестно",
      "gender": "Неизвестно",
      "phone": "380989192290",
      "email": "Неизвестно",
      "class": "Неизвестно",
      "citizenship": "Неизвестно",
      "country_of_study": "Неизвестно",
      "region": "Неизвестно",
      "institution_name": "Неизвестно",
      "address": "Неизвестно"
    },
    {
      "id": 45,
      "registration_date": "2025-03-30",
      "last_name": null,
      "first_name": "Bvecmb",
      "middle_name": "Неизвестно",
      "birthday": "Неизвестно",
      "gender": "Неизвестно",
      "phone": "79175430279",
      "email": "Неизвестно",
      "class": "Неизвестно",
      "citizenship": "Неизвестно",
      "country_of_study": "Неизвестно",
      "region": "Неизвестно",
      "institution_name": "Неизвестно",
      "address": "Неизвестно"
    },
    {
      "id": 46,
      "registration_date": "2025-03-30",
      "last_name": null,
      "first_name": "⚠",
      "middle_name": "@CLOWN_RBX",
      "birthday": "Неизвестно",
      "gender": "Неизвестно",
      "phone": "46736398043",
      "email": "Неизвестно",
      "class": "Неизвестно",
      "citizenship": "Неизвестно",
      "country_of_study": "Неизвестно",
      "region": "Неизвестно",
      "institution_name": "Неизвестно",
      "address": "Неизвестно"
    },
    {
      "id": 48,
      "registration_date": "2025-03-30",
      "last_name": null,
      "first_name": "ㅤ",
      "middle_name": "@dayndikzhopa",
      "birthday": "Неизвестно",
      "gender": "Неизвестно",
      "phone": "79044608194",
      "email": "Неизвестно",
      "class": "Неизвестно",
      "citizenship": "Неизвестно",
      "country_of_study": "Неизвестно",
      "region": "Неизвестно",
      "institution_name": "Неизвестно",
      "address": "Неизвестно"
    },
    {
      "id": 52,
      "registration_date": "2025-03-30",
      "last_name": null,
      "first_name": "Дашуля🌷",
      "middle_name": "@dasha_linova0",
      "birthday": "Неизвестно",
      "gender": "Неизвестно",
      "phone": "79932884237",
      "email": "Неизвестно",
      "class": "Неизвестно",
      "citizenship": "Неизвестно",
      "country_of_study": "Неизвестно",
      "region": "Неизвестно",
      "institution_name": "Неизвестно",
      "address": "Неизвестно"
    },
    {
      "id": 53,
      "registration_date": "2025-03-30",
      "last_name": null,
      "first_name": "Кириешкаbloxisc",
      "middle_name": "@Kiriechkanoizgoi",
      "birthday": "Неизвестно",
      "gender": "Неизвестно",
      "phone": "79507713321",
      "email": "Неизвестно",
      "class": "Неизвестно",
      "citizenship": "Неизвестно",
      "country_of_study": "Неизвестно",
      "region": "Неизвестно",
      "institution_name": "Неизвестно",
      "address": "Неизвестно"
    },
    {
      "id": 56,
      "registration_date": "2025-03-30",
      "last_name": null,
      "first_name": "Ssss",
      "middle_name": "@alik231023",
      "birthday": "Неизвестно",
      "gender": "Неизвестно",
      "phone": "77752970333",
      "email": "Неизвестно",
      "class": "Неизвестно",
      "citizenship": "Неизвестно",
      "country_of_study": "Неизвестно",
      "region": "Неизвестно",
      "institution_name": "Неизвестно",
      "address": "Неизвестно"
    },
    {
      "id": 58,
      "registration_date": "2025-03-30",
      "last_name": null,
      "first_name": ".",
      "middle_name": "@bolnoi_malchick",
      "birthday": "Неизвестно",
      "gender": "Неизвестно",
      "phone": "380969563042",
      "email": "Неизвестно",
      "class": "Неизвестно",
      "citizenship": "Неизвестно",
      "country_of_study": "Неизвестно",
      "region": "Неизвестно",
      "institution_name": "Неизвестно",
      "address": "Неизвестно"
    },
    {
      "id": 60,
      "registration_date": "2025-03-30",
      "last_name": null,
      "first_name": "tbdg",
      "middle_name": "@vudwllr",
      "birthday": "Неизвестно",
      "gender": "Неизвестно",
      "phone": "79238056897",
      "email": "Неизвестно",
      "class": "Неизвестно",
      "citizenship": "Неизвестно",
      "country_of_study": "Неизвестно",
      "region": "Неизвестно",
      "institution_name": "Неизвестно",
      "address": "Неизвестно"
    },
    {
      "id": 63,
      "registration_date": "2025-03-30",
      "last_name": null,
      "first_name": "—Wᥱᥣᥣ, i'ⲙ y᧐ᥙr girᥣfriᥱᥒɗ.🎀",
      "middle_name": "@chan_chanux3",
      "birthday": "Неизвестно",
      "gender": "Неизвестно",
      "phone": "79827778839",
      "email": "Неизвестно",
      "class": "Неизвестно",
      "citizenship": "Неизвестно",
      "country_of_study": "Неизвестно",
      "region": "Неизвестно",
      "institution_name": "Неизвестно",
      "address": "Неизвестно"
    },
    {
      "id": 64,
      "registration_date": "2025-03-30",
      "last_name": null,
      "first_name": "настенька",
      "middle_name": "@idknastyassq",
      "birthday": "Неизвестно",
      "gender": "Неизвестно",
      "phone": "79990661570",
      "email": "Неизвестно",
      "class": "Неизвестно",
      "citizenship": "Неизвестно",
      "country_of_study": "Неизвестно",
      "region": "Неизвестно",
      "institution_name": "Неизвестно",
      "address": "Неизвестно"
    },
    {
      "id": 68,
      "registration_date": "2025-03-30",
      "last_name": null,
      "first_name": "Undereality[STMT]#вступайвстмт",
      "middle_name": "@undereaIity",
      "birthday": "Неизвестно",
      "gender": "Неизвестно",
      "phone": "573171612534",
      "email": "Неизвестно",
      "class": "Неизвестно",
      "citizenship": "Неизвестно",
      "country_of_study": "Неизвестно",
      "region": "Неизвестно",
      "institution_name": "Неизвестно",
      "address": "Неизвестно"
    },
    {
      "id": 69,
      "registration_date": "2025-03-30",
      "last_name": null,
      "first_name": "Mr.Katakuri",
      "middle_name": "@Katakuri5467",
      "birthday": "Неизвестно",
      "gender": "Неизвестно",
      "phone": "79371752548",
      "email": "Неизвестно",
      "class": "Неизвестно",
      "citizenship": "Неизвестно",
      "country_of_study": "Неизвестно",
      "region": "Неизвестно",
      "institution_name": "Неизвестно",
      "address": "Неизвестно"
    },
    {
      "id": 70,
      "registration_date": "2025-03-30",
      "last_name": null,
      "first_name": "很酷的傢伙",
      "middle_name": "@SHENA20MAY",
      "birthday": "Неизвестно",
      "gender": "Неизвестно",
      "phone": "380983740341",
      "email": "Неизвестно",
      "class": "Неизвестно",
      "citizenship": "Неизвестно",
      "country_of_study": "Неизвестно",
      "region": "Неизвестно",
      "institution_name": "Неизвестно",
      "address": "Неизвестно"
    },
    {
      "id": 72,
      "registration_date": "2025-03-30",
      "last_name": null,
      "first_name": "꧁♕Blox Fruits♕꧂",
      "middle_name": "@BloxFruitsBuddhaTop",
      "birthday": "Неизвестно",
      "gender": "Неизвестно",
      "phone": "77776176909",
      "email": "Неизвестно",
      "class": "Неизвестно",
      "citizenship": "Неизвестно",
      "country_of_study": "Неизвестно",
      "region": "Неизвестно",
      "institution_name": "Неизвестно",
      "address": "Неизвестно"
    },
    {
      "id": 74,
      "registration_date": "2025-03-30",
      "last_name": "@neprivet",
      "first_name": "donn3zm🇩🇪",
      "middle_name": "@donn3zm",
      "birthday": "Неизвестно",
      "gender": "Неизвестно",
      "phone": "79183865649",
      "email": "Неизвестно",
      "class": "Неизвестно",
      "citizenship": "Неизвестно",
      "country_of_study": "Неизвестно",
      "region": "Неизвестно",
      "institution_name": "Неизвестно",
      "address": "Неизвестно"
    },
    {
      "id": 75,
      "registration_date": "2025-03-30",
      "last_name": null,
      "first_name": "Я",
      "middle_name": "@sonic_doer",
      "birthday": "Неизвестно",
      "gender": "Неизвестно",
      "phone": "380993683965",
      "email": "Неизвестно",
      "class": "Неизвестно",
      "citizenship": "Неизвестно",
      "country_of_study": "Неизвестно",
      "region": "Неизвестно",
      "institution_name": "Неизвестно",
      "address": "Неизвестно"
    },
    {
      "id": 78,
      "registration_date": "2025-03-30",
      "last_name": null,
      "first_name": "дишенция☁️🙇‍♂️",
      "middle_name": "@payymur",
      "birthday": "Неизвестно",
      "gender": "Неизвестно",
      "phone": "77781612995",
      "email": "Неизвестно",
      "class": "Неизвестно",
      "citizenship": "Неизвестно",
      "country_of_study": "Неизвестно",
      "region": "Неизвестно",
      "institution_name": "Неизвестно",
      "address": "Неизвестно"
    },
    {
      "id": 80,
      "registration_date": "2025-03-30",
      "last_name": null,
      "first_name": "Ноунейм",
      "middle_name": "@ViktorKo22",
      "birthday": "Неизвестно",
      "gender": "Неизвестно",
      "phone": "79139428940",
      "email": "Неизвестно",
      "class": "Неизвестно",
      "citizenship": "Неизвестно",
      "country_of_study": "Неизвестно",
      "region": "Неизвестно",
      "institution_name": "Неизвестно",
      "address": "Неизвестно"
    },
    {
      "id": 81,
      "registration_date": "2025-03-30",
      "last_name": null,
      "first_name": "Sasha Radchenko",
      "middle_name": "@weglinxy",
      "birthday": "Неизвестно",
      "gender": "Неизвестно",
      "phone": "380985696827",
      "email": "Неизвестно",
      "class": "Неизвестно",
      "citizenship": "Неизвестно",
      "country_of_study": "Неизвестно",
      "region": "Неизвестно",
      "institution_name": "Неизвестно",
      "address": "Неизвестно"
    },
    {
      "id": 82,
      "registration_date": "2025-03-30",
      "last_name": null,
      "first_name": "♱||𝙋𝙖𝙧𝙖𝙙𝙤𝙭𝙭 𝘼𝙯𝙚𝙧𝙩𝙮𝙮",
      "middle_name": "Неизвестно",
      "birthday": "Неизвестно",
      "gender": "Неизвестно",
      "phone": "33780520548",
      "email": "Неизвестно",
      "class": "Неизвестно",
      "citizenship": "Неизвестно",
      "country_of_study": "Неизвестно",
      "region": "Неизвестно",
      "institution_name": "Неизвестно",
      "address": "Неизвестно"
    },
    {
      "id": 83,
      "registration_date": "2025-03-30",
      "last_name": "DanyA | 510+rev+",
      "first_name": "DanyA | 1050+ rev+",
      "middle_name": "@ARYLOXLOXAHAH",
      "birthday": "Неизвестно",
      "gender": "Неизвестно",
      "phone": "77711285697",
      "email": "Неизвестно",
      "class": "Неизвестно",
      "citizenship": "Неизвестно",
      "country_of_study": "Неизвестно",
      "region": "Неизвестно",
      "institution_name": "Неизвестно",
      "address": "Неизвестно"
    },
    {
      "id": 86,
      "registration_date": "2025-03-30",
      "last_name": null,
      "first_name": "Владислав",
      "middle_name": "@Workoutyes",
      "birthday": "Неизвестно",
      "gender": "Неизвестно",
      "phone": "79259186151",
      "email": "Неизвестно",
      "class": "Неизвестно",
      "citizenship": "Неизвестно",
      "country_of_study": "Неизвестно",
      "region": "Неизвестно",
      "institution_name": "Неизвестно",
      "address": "Неизвестно"
    },
    {
      "id": 88,
      "registration_date": "2025-03-30",
      "last_name": null,
      "first_name": "Ваня",
      "middle_name": "@Van_3567",
      "birthday": "Неизвестно",
      "gender": "Неизвестно",
      "phone": "79517654208",
      "email": "Неизвестно",
      "class": "Неизвестно",
      "citizenship": "Неизвестно",
      "country_of_study": "Неизвестно",
      "region": "Неизвестно",
      "institution_name": "Неизвестно",
      "address": "Неизвестно"
    },
    {
      "id": 89,
      "registration_date": "2025-03-30",
      "last_name": null,
      "first_name": "Иван",
      "middle_name": "@My_name_zeleboba",
      "birthday": "Неизвестно",
      "gender": "Неизвестно",
      "phone": "79952042322",
      "email": "Неизвестно",
      "class": "Неизвестно",
      "citizenship": "Неизвестно",
      "country_of_study": "Неизвестно",
      "region": "Неизвестно",
      "institution_name": "Неизвестно",
      "address": "Неизвестно"
    },
    {
      "id": 91,
      "registration_date": "2025-03-30",
      "last_name": "LOL→ +лол ⣀⣤⣤⣤⣤⣀ ⣴⣿⣿⣿⣿⣿⣿⣿⣿⣦ ⣼⣿⣿⠉⠉⠉",
      "first_name": "←Иванько",
      "middle_name": "@Ivanguni",
      "birthday": "Неизвестно",
      "gender": "Неизвестно",
      "phone": "79005450671",
      "email": "Неизвестно",
      "class": "Неизвестно",
      "citizenship": "Неизвестно",
      "country_of_study": "Неизвестно",
      "region": "Неизвестно",
      "institution_name": "Неизвестно",
      "address": "Неизвестно"
    },
    {
      "id": 95,
      "registration_date": "2025-03-30",
      "last_name": null,
      "first_name": "лелера",
      "middle_name": "Неизвестно",
      "birthday": "Неизвестно",
      "gender": "Неизвестно",
      "phone": "79004261960",
      "email": "Неизвестно",
      "class": "Неизвестно",
      "citizenship": "Неизвестно",
      "country_of_study": "Неизвестно",
      "region": "Неизвестно",
      "institution_name": "Неизвестно",
      "address": "Неизвестно"
    },
    {
      "id": 97,
      "registration_date": "2025-03-30",
      "last_name": null,
      "first_name": "zxcyytra3",
      "middle_name": "@qqas3dd",
      "birthday": "Неизвестно",
      "gender": "Неизвестно",
      "phone": "380964866827",
      "email": "Неизвестно",
      "class": "Неизвестно",
      "citizenship": "Неизвестно",
      "country_of_study": "Неизвестно",
      "region": "Неизвестно",
      "institution_name": "Неизвестно",
      "address": "Неизвестно"
    },
    {
      "id": 99,
      "registration_date": "2025-03-30",
      "last_name": null,
      "first_name": "Aruzhan S",
      "middle_name": "@aruilx",
      "birthday": "Неизвестно",
      "gender": "Неизвестно",
      "phone": "77773544669",
      "email": "Неизвестно",
      "class": "Неизвестно",
      "citizenship": "Неизвестно",
      "country_of_study": "Неизвестно",
      "region": "Неизвестно",
      "institution_name": "Неизвестно",
      "address": "Неизвестно"
    },
    {
      "id": 102,
      "registration_date": "2025-03-30",
      "last_name": null,
      "first_name": "ай",
      "middle_name": "@alinqo",
      "birthday": "Неизвестно",
      "gender": "Неизвестно",
      "phone": "79042220990",
      "email": "Неизвестно",
      "class": "Неизвестно",
      "citizenship": "Неизвестно",
      "country_of_study": "Неизвестно",
      "region": "Неизвестно",
      "institution_name": "Неизвестно",
      "address": "Неизвестно"
    },
    {
      "id": 104,
      "registration_date": "2025-03-30",
      "last_name": "🥂",
      "first_name": "𝐀𝓝ክ𝒜",
      "middle_name": "@Erialqas",
      "birthday": "Неизвестно",
      "gender": "Неизвестно",
      "phone": "380684385636",
      "email": "Неизвестно",
      "class": "Неизвестно",
      "citizenship": "Неизвестно",
      "country_of_study": "Неизвестно",
      "region": "Неизвестно",
      "institution_name": "Неизвестно",
      "address": "Неизвестно"
    },
    {
      "id": 106,
      "registration_date": "2025-03-30",
      "last_name": null,
      "first_name": "𝙩𝙀𝙉𝙕𝙔？",
      "middle_name": "@tenzyxxx",
      "birthday": "Неизвестно",
      "gender": "Неизвестно",
      "phone": "13149862617",
      "email": "Неизвестно",
      "class": "Неизвестно",
      "citizenship": "Неизвестно",
      "country_of_study": "Неизвестно",
      "region": "Неизвестно",
      "institution_name": "Неизвестно",
      "address": "Неизвестно"
    },
    {
      "id": 108,
      "registration_date": "2025-03-30",
      "last_name": null,
      "first_name": "Le$ra🔫",
      "middle_name": "@mvdterms",
      "birthday": "Неизвестно",
      "gender": "Неизвестно",
      "phone": "380972476549",
      "email": "Неизвестно",
      "class": "Неизвестно",
      "citizenship": "Неизвестно",
      "country_of_study": "Неизвестно",
      "region": "Неизвестно",
      "institution_name": "Неизвестно",
      "address": "Неизвестно"
    },
    {
      "id": 111,
      "registration_date": "2025-03-30",
      "last_name": null,
      "first_name": "ᴧᴇᴧᴇᴋ ʍᴇʍᴇᴋоʙ",
      "middle_name": "@lovemilfwoman",
      "birthday": "Неизвестно",
      "gender": "Неизвестно",
      "phone": "79388057211",
      "email": "Неизвестно",
      "class": "Неизвестно",
      "citizenship": "Неизвестно",
      "country_of_study": "Неизвестно",
      "region": "Неизвестно",
      "institution_name": "Неизвестно",
      "address": "Неизвестно"
    },
    {
      "id": 112,
      "registration_date": "2025-03-30",
      "last_name": null,
      "first_name": "︎ ︎мисᴀᴀᴀᴀ🚬 {30+ ᴘʀᴏᴏғ ᴘᴏɪɴᴛs)",
      "middle_name": "@Millkgd7588",
      "birthday": "Неизвестно",
      "gender": "Неизвестно",
      "phone": "79293886312",
      "email": "Неизвестно",
      "class": "Неизвестно",
      "citizenship": "Неизвестно",
      "country_of_study": "Неизвестно",
      "region": "Неизвестно",
      "institution_name": "Неизвестно",
      "address": "Неизвестно"
    },
    {
      "id": 114,
      "registration_date": "2025-03-30",
      "last_name": null,
      "first_name": "Троффи(не офф)",
      "middle_name": "@trofigod",
      "birthday": "Неизвестно",
      "gender": "Неизвестно",
      "phone": "15485203976",
      "email": "Неизвестно",
      "class": "Неизвестно",
      "citizenship": "Неизвестно",
      "country_of_study": "Неизвестно",
      "region": "Неизвестно",
      "institution_name": "Неизвестно",
      "address": "Неизвестно"
    },
    {
      "id": 115,
      "registration_date": "2025-03-30",
      "last_name": null,
      "first_name": "୨୧",
      "middle_name": "@millerwxp",
      "birthday": "Неизвестно",
      "gender": "Неизвестно",
      "phone": "79774555014",
      "email": "Неизвестно",
      "class": "Неизвестно",
      "citizenship": "Неизвестно",
      "country_of_study": "Неизвестно",
      "region": "Неизвестно",
      "institution_name": "Неизвестно",
      "address": "Неизвестно"
    },
    {
      "id": 117,
      "registration_date": "2025-03-30",
      "last_name": null,
      "first_name": "Sell | FamSiba",
      "middle_name": "@FamSiba",
      "birthday": "Неизвестно",
      "gender": "Неизвестно",
      "phone": "79926677142",
      "email": "Неизвестно",
      "class": "Неизвестно",
      "citizenship": "Неизвестно",
      "country_of_study": "Неизвестно",
      "region": "Неизвестно",
      "institution_name": "Неизвестно",
      "address": "Неизвестно"
    },
    {
      "id": 119,
      "registration_date": "2025-03-30",
      "last_name": null,
      "first_name": "vlshhk",
      "middle_name": "@pkqil",
      "birthday": "Неизвестно",
      "gender": "Неизвестно",
      "phone": "19404464968",
      "email": "Неизвестно",
      "class": "Неизвестно",
      "citizenship": "Неизвестно",
      "country_of_study": "Неизвестно",
      "region": "Неизвестно",
      "institution_name": "Неизвестно",
      "address": "Неизвестно"
    },
    {
      "id": 122,
      "registration_date": "2025-03-30",
      "last_name": null,
      "first_name": "ᅠ ᅠ",
      "middle_name": "@Sistem_0010",
      "birthday": "Неизвестно",
      "gender": "Неизвестно",
      "phone": "79803875786",
      "email": "Неизвестно",
      "class": "Неизвестно",
      "citizenship": "Неизвестно",
      "country_of_study": "Неизвестно",
      "region": "Неизвестно",
      "institution_name": "Неизвестно",
      "address": "Неизвестно"
    },
    {
      "id": 124,
      "registration_date": "2025-03-30",
      "last_name": null,
      "first_name": "Нора 🐕",
      "middle_name": "@norasobaka",
      "birthday": "Неизвестно",
      "gender": "Неизвестно",
      "phone": "37068337693",
      "email": "Неизвестно",
      "class": "Неизвестно",
      "citizenship": "Неизвестно",
      "country_of_study": "Неизвестно",
      "region": "Неизвестно",
      "institution_name": "Неизвестно",
      "address": "Неизвестно"
    },
    {
      "id": 125,
      "registration_date": "2025-03-30",
      "last_name": null,
      "first_name": "support",
      "middle_name": "@adv_nft",
      "birthday": "Неизвестно",
      "gender": "Неизвестно",
      "phone": "79581766772",
      "email": "Неизвестно",
      "class": "Неизвестно",
      "citizenship": "Неизвестно",
      "country_of_study": "Неизвестно",
      "region": "Неизвестно",
      "institution_name": "Неизвестно",
      "address": "Неизвестно"
    },
    {
      "id": 126,
      "registration_date": "2025-03-30",
      "last_name": null,
      "first_name": "Mandy’s",
      "middle_name": "@MsMendy",
      "birthday": "Неизвестно",
      "gender": "Неизвестно",
      "phone": "79018570265",
      "email": "Неизвестно",
      "class": "Неизвестно",
      "citizenship": "Неизвестно",
      "country_of_study": "Неизвестно",
      "region": "Неизвестно",
      "institution_name": "Неизвестно",
      "address": "Неизвестно"
    },
    {
      "id": 128,
      "registration_date": "2025-03-30",
      "last_name": null,
      "first_name": "Никому не нужная🎀",
      "middle_name": "@Mivinaxx",
      "birthday": "Неизвестно",
      "gender": "Неизвестно",
      "phone": "380633969660",
      "email": "Неизвестно",
      "class": "Неизвестно",
      "citizenship": "Неизвестно",
      "country_of_study": "Неизвестно",
      "region": "Неизвестно",
      "institution_name": "Неизвестно",
      "address": "Неизвестно"
    },
    {
      "id": 129,
      "registration_date": "2025-03-30",
      "last_name": null,
      "first_name": "tt:vvvvzzzzvvvv (2023)",
      "middle_name": "@Gullissorr",
      "birthday": "Неизвестно",
      "gender": "Неизвестно",
      "phone": "79962825306",
      "email": "Неизвестно",
      "class": "Неизвестно",
      "citizenship": "Неизвестно",
      "country_of_study": "Неизвестно",
      "region": "Неизвестно",
      "institution_name": "Неизвестно",
      "address": "Неизвестно"
    },
    {
      "id": 131,
      "registration_date": "2025-03-30",
      "last_name": null,
      "first_name": "somin.",
      "middle_name": "@SW4YMI",
      "birthday": "Неизвестно",
      "gender": "Неизвестно",
      "phone": "79306644823",
      "email": "Неизвестно",
      "class": "Неизвестно",
      "citizenship": "Неизвестно",
      "country_of_study": "Неизвестно",
      "region": "Неизвестно",
      "institution_name": "Неизвестно",
      "address": "Неизвестно"
    },
    {
      "id": 133,
      "registration_date": "2025-03-30",
      "last_name": null,
      "first_name": "СЕМЁН",
      "middle_name": "@Nddbxbxbd",
      "birthday": "Неизвестно",
      "gender": "Неизвестно",
      "phone": "79515727085",
      "email": "Неизвестно",
      "class": "Неизвестно",
      "citizenship": "Неизвестно",
      "country_of_study": "Неизвестно",
      "region": "Неизвестно",
      "institution_name": "Неизвестно",
      "address": "Неизвестно"
    },
    {
      "id": 134,
      "registration_date": "2025-03-30",
      "last_name": null,
      "first_name": "Azamat",
      "middle_name": "Неизвестно",
      "birthday": "Неизвестно",
      "gender": "Неизвестно",
      "phone": "998887743006",
      "email": "Неизвестно",
      "class": "Неизвестно",
      "citizenship": "Неизвестно",
      "country_of_study": "Неизвестно",
      "region": "Неизвестно",
      "institution_name": "Неизвестно",
      "address": "Неизвестно"
    },
    {
      "id": 136,
      "registration_date": "2025-03-30",
      "last_name": null,
      "first_name": "Сверяйте на ФЕЙКА! ЕДИНСТВЕННЫЙ НОМЕР - +79094907787",
      "middle_name": "@YouTubeVetreI",
      "birthday": "Неизвестно",
      "gender": "Неизвестно",
      "phone": "79094907787",
      "email": "Неизвестно",
      "class": "Неизвестно",
      "citizenship": "Неизвестно",
      "country_of_study": "Неизвестно",
      "region": "Неизвестно",
      "institution_name": "Неизвестно",
      "address": "Неизвестно"
    },
    {
      "id": 138,
      "registration_date": "2025-03-30",
      "last_name": null,
      "first_name": "N1kita PABG",
      "middle_name": "@Nukita1234",
      "birthday": "Неизвестно",
      "gender": "Неизвестно",
      "phone": "375257515944",
      "email": "Неизвестно",
      "class": "Неизвестно",
      "citizenship": "Неизвестно",
      "country_of_study": "Неизвестно",
      "region": "Неизвестно",
      "institution_name": "Неизвестно",
      "address": "Неизвестно"
    },
    {
      "id": 143,
      "registration_date": "2025-03-30",
      "last_name": null,
      "first_name": "Соня",
      "middle_name": "@sofiya_liru",
      "birthday": "Неизвестно",
      "gender": "Неизвестно",
      "phone": "79044781026",
      "email": "Неизвестно",
      "class": "Неизвестно",
      "citizenship": "Неизвестно",
      "country_of_study": "Неизвестно",
      "region": "Неизвестно",
      "institution_name": "Неизвестно",
      "address": "Неизвестно"
    },
    {
      "id": 145,
      "registration_date": "2025-03-30",
      "last_name": "Garant30+rev",
      "first_name": "Dr_Stone_Senku",
      "middle_name": "@Dr_Stone_Senku_Garant",
      "birthday": "Неизвестно",
      "gender": "Неизвестно",
      "phone": "79496254428",
      "email": "Неизвестно",
      "class": "Неизвестно",
      "citizenship": "Неизвестно",
      "country_of_study": "Неизвестно",
      "region": "Неизвестно",
      "institution_name": "Неизвестно",
      "address": "Неизвестно"
    },
    {
      "id": 148,
      "registration_date": "2025-03-30",
      "last_name": null,
      "first_name": "#пипими?",
      "middle_name": "@pipimia",
      "birthday": "Неизвестно",
      "gender": "Неизвестно",
      "phone": "967739862514",
      "email": "Неизвестно",
      "class": "Неизвестно",
      "citizenship": "Неизвестно",
      "country_of_study": "Неизвестно",
      "region": "Неизвестно",
      "institution_name": "Неизвестно",
      "address": "Неизвестно"
    },
    {
      "id": 149,
      "registration_date": "2025-03-30",
      "last_name": "#SS #𝘒𝘓3",
      "first_name": "「ᴋɪᴛ-ᴋᴀᴛ.」~ [♪]",
      "middle_name": "@Kit_Katik12",
      "birthday": "Неизвестно",
      "gender": "Неизвестно",
      "phone": "79374934840",
      "email": "Неизвестно",
      "class": "Неизвестно",
      "citizenship": "Неизвестно",
      "country_of_study": "Неизвестно",
      "region": "Неизвестно",
      "institution_name": "Неизвестно",
      "address": "Неизвестно"
    },
    {
      "id": 150,
      "registration_date": "2025-03-30",
      "last_name": null,
      "first_name": "нексюша",
      "middle_name": "@meowlelel",
      "birthday": "Неизвестно",
      "gender": "Неизвестно",
      "phone": "79181776080",
      "email": "Неизвестно",
      "class": "Неизвестно",
      "citizenship": "Неизвестно",
      "country_of_study": "Неизвестно",
      "region": "Неизвестно",
      "institution_name": "Неизвестно",
      "address": "Неизвестно"
    },
    {
      "id": 151,
      "registration_date": "2025-03-30",
      "last_name": null,
      "first_name": "ˡⁱˣˣˢˢʷ",
      "middle_name": "@lixxssw",
      "birthday": "Неизвестно",
      "gender": "Неизвестно",
      "phone": "380933119851",
      "email": "Неизвестно",
      "class": "Неизвестно",
      "citizenship": "Неизвестно",
      "country_of_study": "Неизвестно",
      "region": "Неизвестно",
      "institution_name": "Неизвестно",
      "address": "Неизвестно"
    },
    {
      "id": 152,
      "registration_date": "2025-03-30",
      "last_name": null,
      "first_name": "Absoolute",
      "middle_name": "@posidon10",
      "birthday": "Неизвестно",
      "gender": "Неизвестно",
      "phone": "79524314961",
      "email": "Неизвестно",
      "class": "Неизвестно",
      "citizenship": "Неизвестно",
      "country_of_study": "Неизвестно",
      "region": "Неизвестно",
      "institution_name": "Неизвестно",
      "address": "Неизвестно"
    },
    {
      "id": 153,
      "registration_date": "2025-03-30",
      "last_name": null,
      "first_name": "݆݆݆݆݆݆݆݆݆݆݆݆݆݆݆݆݆݆ܻܻࣩࣩࣩࣩࣩࣩ࣯ࣩࣩࣩࣩࣩࣩ݅݅݅݅݅݅݅݅݅݅݅݅݅݅݅݅݅݅݅݅݅݅݅݅݅݅݅݅݅݅݅",
      "middle_name": "@ne_leha",
      "birthday": "Неизвестно",
      "gender": "Неизвестно",
      "phone": "62859412970016",
      "email": "Неизвестно",
      "class": "Неизвестно",
      "citizenship": "Неизвестно",
      "country_of_study": "Неизвестно",
      "region": "Неизвестно",
      "institution_name": "Неизвестно",
      "address": "Неизвестно"
    },
    {
      "id": 154,
      "registration_date": "2025-03-30",
      "last_name": "ᅠ ᅠ",
      "first_name": "ᅠ ᅠ",
      "middle_name": "@Saaasha0_0",
      "birthday": "Неизвестно",
      "gender": "Неизвестно",
      "phone": "380631569833",
      "email": "Неизвестно",
      "class": "Неизвестно",
      "citizenship": "Неизвестно",
      "country_of_study": "Неизвестно",
      "region": "Неизвестно",
      "institution_name": "Неизвестно",
      "address": "Неизвестно"
    },
    {
      "id": 155,
      "registration_date": "2025-03-30",
      "last_name": null,
      "first_name": "🎅Happy🎄",
      "middle_name": "@Shniga228",
      "birthday": "Неизвестно",
      "gender": "Неизвестно",
      "phone": "79997711620",
      "email": "Неизвестно",
      "class": "Неизвестно",
      "citizenship": "Неизвестно",
      "country_of_study": "Неизвестно",
      "region": "Неизвестно",
      "institution_name": "Неизвестно",
      "address": "Неизвестно"
    },
    {
      "id": 156,
      "registration_date": "2025-03-30",
      "last_name": null,
      "first_name": "Влад",
      "middle_name": "@Pidddidii",
      "birthday": "Неизвестно",
      "gender": "Неизвестно",
      "phone": "79505290911",
      "email": "Неизвестно",
      "class": "Неизвестно",
      "citizenship": "Неизвестно",
      "country_of_study": "Неизвестно",
      "region": "Неизвестно",
      "institution_name": "Неизвестно",
      "address": "Неизвестно"
    },
    {
      "id": 157,
      "registration_date": "2025-03-30",
      "last_name": null,
      "first_name": "rain I Скупаю NFT",
      "middle_name": "@antixruak",
      "birthday": "Неизвестно",
      "gender": "Неизвестно",
      "phone": "79856593770",
      "email": "Неизвестно",
      "class": "Неизвестно",
      "citizenship": "Неизвестно",
      "country_of_study": "Неизвестно",
      "region": "Неизвестно",
      "institution_name": "Неизвестно",
      "address": "Неизвестно"
    },
    {
      "id": 158,
      "registration_date": "2025-03-30",
      "last_name": null,
      "first_name": "Tokito",
      "middle_name": "@Tokito029",
      "birthday": "Неизвестно",
      "gender": "Неизвестно",
      "phone": "79960545338",
      "email": "Неизвестно",
      "class": "Неизвестно",
      "citizenship": "Неизвестно",
      "country_of_study": "Неизвестно",
      "region": "Неизвестно",
      "institution_name": "Неизвестно",
      "address": "Неизвестно"
    }
  ]
}